system:index,BII2020,.geo
0,0.8622649908065796,"{""type"":""Point"",""coordinates"":[115.28515820699502,-1.6801141440415774]}"
17,0.8616782426834106,"{""type"":""Point"",""coordinates"":[111.1058307150086,0.8703288522078508]}"
24,0.8549580574035645,"{""type"":""Point"",""coordinates"":[114.94935125201094,1.7882795543272412]}"
25,0.9172623157501221,"{""type"":""Point"",""coordinates"":[115.628051262227,-0.8038373354910137]}"
31,0.93521648645401,"{""type"":""Point"",""coordinates"":[111.69782198882602,-1.101883652428621]}"
37,0.8649379014968872,"{""type"":""Point"",""coordinates"":[109.86111793212517,-1.020778402431928]}"
39,0.8517817854881287,"{""type"":""Point"",""coordinates"":[114.03993008453888,-2.633164086665184]}"
43,0.7090358138084412,"{""type"":""Point"",""coordinates"":[117.40068134474618,4.207703631710643]}"
61,0.8684664368629456,"{""type"":""Point"",""coordinates"":[111.86963806364518,-0.9420850048106608]}"
62,0.7025393843650818,"{""type"":""Point"",""coordinates"":[113.9333662372364,-0.8577265968075936]}"
76,0.8832622170448303,"{""type"":""Point"",""coordinates"":[113.83200431184771,-1.4974975458293862]}"
77,0.8465783596038818,"{""type"":""Point"",""coordinates"":[117.77155274341916,1.8827864449331368]}"
78,0.8460822105407715,"{""type"":""Point"",""coordinates"":[117.95555567123444,2.284539246345107]}"
90,0.8624782562255859,"{""type"":""Point"",""coordinates"":[113.13095476189129,-1.1041108995009152]}"
104,0.8609904050827026,"{""type"":""Point"",""coordinates"":[110.25011886697527,-0.7126529635043348]}"
105,0.9453813433647156,"{""type"":""Point"",""coordinates"":[112.90384326072015,1.0145765170513552]}"
108,0.8548076748847961,"{""type"":""Point"",""coordinates"":[117.3992646265644,2.4548617135467166]}"
131,0.7125469446182251,"{""type"":""Point"",""coordinates"":[117.22783150757789,2.2179136743854415]}"
132,0.856893002986908,"{""type"":""Point"",""coordinates"":[116.12626922982376,-1.4917689769617033]}"
137,0.9045100808143616,"{""type"":""Point"",""coordinates"":[110.16537234884873,-1.0254808095144008]}"
142,0.7922736406326294,"{""type"":""Point"",""coordinates"":[110.14685328283744,-1.4858430174832467]}"
155,0.8558981418609619,"{""type"":""Point"",""coordinates"":[113.29072605659854,-2.6856889907957453]}"
176,0.8491438627243042,"{""type"":""Point"",""coordinates"":[109.2838174542353,-0.7399591676058298]}"
182,0.7362704873085022,"{""type"":""Point"",""coordinates"":[111.33876179010758,-1.8851777750239835]}"
194,0.8077799677848816,"{""type"":""Point"",""coordinates"":[115.35778946325964,-0.4770774213437017]}"
195,0.8936434388160706,"{""type"":""Point"",""coordinates"":[111.37961881060589,-0.8537286809637459]}"
197,0.8218269348144531,"{""type"":""Point"",""coordinates"":[110.3032012022894,-2.670058877899556]}"
198,0.8701512217521667,"{""type"":""Point"",""coordinates"":[112.2822193205278,-2.046125964134079]}"
209,0.8579636812210083,"{""type"":""Point"",""coordinates"":[114.1720844434419,0.7933738202048998]}"
217,0.722468912601471,"{""type"":""Point"",""coordinates"":[115.0828080717278,-1.0113929230228254]}"
220,0.870790958404541,"{""type"":""Point"",""coordinates"":[116.93039429131161,3.596289713871777]}"
235,0.3662998378276825,"{""type"":""Point"",""coordinates"":[112.98758348647836,-1.7435503351102652]}"
257,0.7654627561569214,"{""type"":""Point"",""coordinates"":[117.53866158290691,2.6443266455213665]}"
267,0.5526270270347595,"{""type"":""Point"",""coordinates"":[109.4767422916684,1.294969007895388]}"
273,0.7543798685073853,"{""type"":""Point"",""coordinates"":[115.83299375190697,-0.9456344822346083]}"
278,0.6981228590011597,"{""type"":""Point"",""coordinates"":[115.64689165196509,-3.2812228612415977]}"
285,0.8536362051963806,"{""type"":""Point"",""coordinates"":[109.5531460000267,-1.2533578160575878]}"
296,0.663968026638031,"{""type"":""Point"",""coordinates"":[114.10670426615387,-0.8416416112042756]}"
301,0.7989728450775146,"{""type"":""Point"",""coordinates"":[117.38333949505326,2.2633513973275403]}"
305,0.6098012328147888,"{""type"":""Point"",""coordinates"":[109.81280630505132,-0.2879584048910493]}"
306,0.879146158695221,"{""type"":""Point"",""coordinates"":[115.3304108941449,-1.5328317787146137]}"
308,0.8540987968444824,"{""type"":""Point"",""coordinates"":[111.30493210528078,-2.1524532612173126]}"
312,0.8258179426193237,"{""type"":""Point"",""coordinates"":[115.98932972273874,-2.220721557571404]}"
322,0.946241557598114,"{""type"":""Point"",""coordinates"":[115.65040766247131,-0.9919458928613171]}"
323,0.8525106906890869,"{""type"":""Point"",""coordinates"":[115.68789210892615,-1.9156093023077843]}"
325,0.8727144002914429,"{""type"":""Point"",""coordinates"":[116.99372360369435,3.3856626897228725]}"
335,0.7211214303970337,"{""type"":""Point"",""coordinates"":[112.85517344458133,-2.1830938240703124]}"
342,0.9262783527374268,"{""type"":""Point"",""coordinates"":[113.55665058221237,-0.7741296705843255]}"
346,0.8742440938949585,"{""type"":""Point"",""coordinates"":[116.00959827160935,-0.10891849808555004]}"
352,0.8774834275245667,"{""type"":""Point"",""coordinates"":[117.7168261822422,2.266977482386889]}"
353,0.7350209951400757,"{""type"":""Point"",""coordinates"":[111.69040501732856,0.474520405503553]}"
356,0.8506155610084534,"{""type"":""Point"",""coordinates"":[117.56046886595871,2.4047010659796864]}"
361,0.7176491022109985,"{""type"":""Point"",""coordinates"":[110.11915280186595,-0.4430630856809709]}"
369,0.8813017010688782,"{""type"":""Point"",""coordinates"":[112.69025443466035,-1.371844190824949]}"
386,0.8897697329521179,"{""type"":""Point"",""coordinates"":[112.84296393171434,-0.05851355109607468]}"
399,0.8559622764587402,"{""type"":""Point"",""coordinates"":[111.66378566223106,-0.5865849934793287]}"
428,0.938001275062561,"{""type"":""Point"",""coordinates"":[111.03202863711797,-1.8468772596777383]}"
442,0.7240036725997925,"{""type"":""Point"",""coordinates"":[110.31788962650182,-0.3665861659052475]}"
445,0.5843824744224548,"{""type"":""Point"",""coordinates"":[109.71455437969637,1.4770842786142975]}"
449,0.8669605255126953,"{""type"":""Point"",""coordinates"":[118.04006605844958,1.195993961948357]}"
468,0.7959731221199036,"{""type"":""Point"",""coordinates"":[110.19425343295926,-2.4141689714969314]}"
471,0.7876520156860352,"{""type"":""Point"",""coordinates"":[110.28792816433194,-1.4361923269009649]}"
476,0.8133757710456848,"{""type"":""Point"",""coordinates"":[111.48654059802054,0.6868125128682622]}"
483,0.5089269280433655,"{""type"":""Point"",""coordinates"":[113.34717608391294,-1.3900329334700714]}"
486,0.8511971831321716,"{""type"":""Point"",""coordinates"":[112.27915299052252,-3.145787970022483]}"
492,0.8685187697410583,"{""type"":""Point"",""coordinates"":[111.70738371112489,0.6428167591598897]}"
496,0.3546363115310669,"{""type"":""Point"",""coordinates"":[109.18063914393724,0.2886859970111716]}"
497,0.7896766066551208,"{""type"":""Point"",""coordinates"":[115.45535108062009,-3.366367519444514]}"
501,0.8650108575820923,"{""type"":""Point"",""coordinates"":[117.12552983177973,3.652321008091606]}"
508,0.7033424973487854,"{""type"":""Point"",""coordinates"":[109.06309919380502,0.9889650578039163]}"
515,0.8456703424453735,"{""type"":""Point"",""coordinates"":[110.47481768100404,-1.5859193948664778]}"
522,0.6886988282203674,"{""type"":""Point"",""coordinates"":[115.51924422306072,-3.0223895001762426]}"
537,0.864289402961731,"{""type"":""Point"",""coordinates"":[110.86342862669662,-0.5409413134469243]}"
544,0.889904797077179,"{""type"":""Point"",""coordinates"":[109.79039289284032,1.0965281704236571]}"
558,0.8557353019714355,"{""type"":""Point"",""coordinates"":[114.17650300025818,-1.7938523019606163]}"
562,0.7057707905769348,"{""type"":""Point"",""coordinates"":[110.88528190117306,0.7632329251766009]}"
573,0.8715494275093079,"{""type"":""Point"",""coordinates"":[110.87194790989386,-0.697673762767214]}"
597,0.8950862884521484,"{""type"":""Point"",""coordinates"":[115.16181782733067,0.20903259725174456]}"
601,0.9202083945274353,"{""type"":""Point"",""coordinates"":[113.38328483924515,-2.09820197167769]}"
604,0.8585644960403442,"{""type"":""Point"",""coordinates"":[112.68068586261187,-1.294077539741468]}"
605,0.5792887210845947,"{""type"":""Point"",""coordinates"":[109.52136237936173,-0.16365120765667698]}"
608,0.9232369065284729,"{""type"":""Point"",""coordinates"":[114.2515569414697,-1.4175529594450902]}"
646,0.8118072152137756,"{""type"":""Point"",""coordinates"":[118.13146960051856,1.1874292101951092]}"
652,0.8880220651626587,"{""type"":""Point"",""coordinates"":[113.08540907153369,-0.7448724208601654]}"
658,0.8517547249794006,"{""type"":""Point"",""coordinates"":[109.88672595706183,-1.0754154822579454]}"
675,0.3787976801395416,"{""type"":""Point"",""coordinates"":[109.69584381412362,1.3479006204338886]}"
679,0.8536474704742432,"{""type"":""Point"",""coordinates"":[113.46221024873438,-2.4674901384512737]}"
685,0.5893614888191223,"{""type"":""Point"",""coordinates"":[111.50001605095827,0.15059849992996377]}"
691,0.681894838809967,"{""type"":""Point"",""coordinates"":[116.17689687533951,-2.2718820754155167]}"
695,0.9246310591697693,"{""type"":""Point"",""coordinates"":[116.25586966662765,3.253951546918845]}"
697,0.7596318125724792,"{""type"":""Point"",""coordinates"":[113.89100606665914,-1.6763044193861678]}"
699,0.8550178408622742,"{""type"":""Point"",""coordinates"":[113.01434646794198,-1.2518404594993617]}"
705,0.9512593746185303,"{""type"":""Point"",""coordinates"":[115.8701379631295,-1.035102325980774]}"
707,0.8097187876701355,"{""type"":""Point"",""coordinates"":[116.6072329586708,3.5025615545120967]}"
711,0.9192171096801758,"{""type"":""Point"",""coordinates"":[113.43190112160163,-0.8759873129013526]}"
724,0.8492165207862854,"{""type"":""Point"",""coordinates"":[116.73802706119864,3.7864818818723562]}"
732,0.4792991876602173,"{""type"":""Point"",""coordinates"":[114.8857780865363,-1.2293378173226475]}"
740,0.6771670579910278,"{""type"":""Point"",""coordinates"":[115.62079824595111,-0.3660256236668907]}"
742,0.8476803302764893,"{""type"":""Point"",""coordinates"":[114.11180152207868,-2.6792376537221756]}"
745,0.8656512498855591,"{""type"":""Point"",""coordinates"":[109.88938890273594,0.7634908290677194]}"
755,0.8703081607818604,"{""type"":""Point"",""coordinates"":[115.37248260243679,0.42307159061134353]}"
776,0.9647587537765503,"{""type"":""Point"",""coordinates"":[112.312678741641,-1.563391601231982]}"
786,0.8569816946983337,"{""type"":""Point"",""coordinates"":[112.2340292345839,-1.1702208118104014]}"
792,0.8839810490608215,"{""type"":""Point"",""coordinates"":[114.37661877600283,-0.11688258118505324]}"
804,0.9334185719490051,"{""type"":""Point"",""coordinates"":[110.71842866536593,-1.534295463685191]}"
823,0.7149043679237366,"{""type"":""Point"",""coordinates"":[109.30500816792376,1.130959585395494]}"
830,0.8633124828338623,"{""type"":""Point"",""coordinates"":[110.67174685594414,-1.3321919036215422]}"
845,0.6914694309234619,"{""type"":""Point"",""coordinates"":[112.73954671185828,-2.607231099476289]}"
850,0.883537232875824,"{""type"":""Point"",""coordinates"":[117.31856636695913,3.2738824407315765]}"
866,0.8635163903236389,"{""type"":""Point"",""coordinates"":[113.98478996398775,-1.1230788806691134]}"
867,0.567651093006134,"{""type"":""Point"",""coordinates"":[111.53927606296578,-2.366305545566968]}"
870,0.9367655515670776,"{""type"":""Point"",""coordinates"":[115.51344966535575,0.8127427479144982]}"
883,0.8498789668083191,"{""type"":""Point"",""coordinates"":[116.44906275841322,-1.2354852587091882]}"
888,0.7660467028617859,"{""type"":""Point"",""coordinates"":[114.12113507557748,-2.2268460447818996]}"
904,0.5138397812843323,"{""type"":""Point"",""coordinates"":[109.00919628833624,0.5928319783775157]}"
920,0.850803554058075,"{""type"":""Point"",""coordinates"":[113.30353879157151,-2.8575060316490943]}"
927,0.8557252883911133,"{""type"":""Point"",""coordinates"":[111.24764617019113,-2.007583898000647]}"
932,0.8678655624389648,"{""type"":""Point"",""coordinates"":[115.08186115741071,-0.8803034695240671]}"
933,0.8504948616027832,"{""type"":""Point"",""coordinates"":[117.15429867660433,2.0821440722962565]}"
941,0.7851417660713196,"{""type"":""Point"",""coordinates"":[110.37881842385639,-1.622748234091801]}"
952,0.6896221041679382,"{""type"":""Point"",""coordinates"":[109.89111479476874,-1.0734588776935812]}"
961,0.8669230937957764,"{""type"":""Point"",""coordinates"":[112.68766021041594,-1.41071501976002]}"
969,0.9076777100563049,"{""type"":""Point"",""coordinates"":[111.36325919970773,1.0286748730997588]}"
975,0.49120262265205383,"{""type"":""Point"",""coordinates"":[110.17658911828455,-0.8867966007892515]}"
992,0.893537700176239,"{""type"":""Point"",""coordinates"":[114.94723896759724,-1.5804826656768027]}"
1001,0.8577049374580383,"{""type"":""Point"",""coordinates"":[110.1971966798439,-0.8166735873304162]}"
1008,0.3875807523727417,"{""type"":""Point"",""coordinates"":[109.45760572848495,1.5164924420631547]}"
1013,0.9282123446464539,"{""type"":""Point"",""coordinates"":[116.46624940739297,3.039643864061864]}"
1034,0.8625196814537048,"{""type"":""Point"",""coordinates"":[109.26235240301993,0.19632947518002786]}"
1037,0.4567030072212219,"{""type"":""Point"",""coordinates"":[109.14392143511235,0.2881304499645506]}"
1051,0.8909099698066711,"{""type"":""Point"",""coordinates"":[114.42113228100561,-0.5118008875595736]}"
1061,0.810950756072998,"{""type"":""Point"",""coordinates"":[117.23331223891147,2.03308180836228]}"
1065,0.7107332348823547,"{""type"":""Point"",""coordinates"":[118.00083722580526,1.199734337247023]}"
1076,0.8251774311065674,"{""type"":""Point"",""coordinates"":[110.59711636121963,-2.0278512278231298]}"
1077,0.8656131625175476,"{""type"":""Point"",""coordinates"":[114.2884092391814,-0.7414199738206882]}"
1087,0.7342735528945923,"{""type"":""Point"",""coordinates"":[112.47459275525748,-1.829910561946879]}"
1094,0.8584085702896118,"{""type"":""Point"",""coordinates"":[117.98124387089037,2.4053434658674875]}"
1095,0.8827312588691711,"{""type"":""Point"",""coordinates"":[114.99897254561478,-3.7002127183528124]}"
1112,0.5858257412910461,"{""type"":""Point"",""coordinates"":[118.04643041270538,1.2211480584477588]}"
1114,0.6632517576217651,"{""type"":""Point"",""coordinates"":[112.69878955294374,-2.2340126081661507]}"
1148,0.8448480367660522,"{""type"":""Point"",""coordinates"":[111.43822463352988,-2.4439018888217126]}"
1152,0.8112106323242188,"{""type"":""Point"",""coordinates"":[109.46285318098461,1.7993386719598812]}"
1153,0.6430022716522217,"{""type"":""Point"",""coordinates"":[110.19919964466469,-1.3924166844626384]}"
1158,0.862962543964386,"{""type"":""Point"",""coordinates"":[117.0973572284135,2.0147800608953608]}"
1159,0.7872562408447266,"{""type"":""Point"",""coordinates"":[110.4170663586258,-1.6250278283793285]}"
1182,0.8915629386901855,"{""type"":""Point"",""coordinates"":[113.73266318220332,-2.838302400203632]}"
1185,0.8658050894737244,"{""type"":""Point"",""coordinates"":[114.34243216409217,-0.6017347738182371]}"
1186,0.9755391478538513,"{""type"":""Point"",""coordinates"":[115.21585236962345,0.28029884618220713]}"
1194,0.6156163811683655,"{""type"":""Point"",""coordinates"":[109.37093784392265,-0.3597267187243929]}"
1202,0.8152974843978882,"{""type"":""Point"",""coordinates"":[117.19594890592914,2.1247319839185095]}"
1211,0.8512058258056641,"{""type"":""Point"",""coordinates"":[112.09990739876636,0.6040967711803711]}"
1232,0.9236668348312378,"{""type"":""Point"",""coordinates"":[111.57804128270332,-1.461897833896906]}"
1252,0.7425989508628845,"{""type"":""Point"",""coordinates"":[112.50489783400548,-1.5387995163826982]}"
1254,0.8735003471374512,"{""type"":""Point"",""coordinates"":[114.78918054961328,-0.23326756501714876]}"
1257,0.7306548357009888,"{""type"":""Point"",""coordinates"":[110.61761300638084,-1.222255538679423]}"
1262,0.8501359224319458,"{""type"":""Point"",""coordinates"":[117.31499010935227,2.661371154169753]}"
1268,0.8919579386711121,"{""type"":""Point"",""coordinates"":[115.1569280792903,-1.0498595180879704]}"
1278,0.7176472544670105,"{""type"":""Point"",""coordinates"":[112.456340861536,-2.17471987259416]}"
1279,0.8679468035697937,"{""type"":""Point"",""coordinates"":[117.23386735142395,2.3915557146029416]}"
1280,0.8587906360626221,"{""type"":""Point"",""coordinates"":[116.00527022570385,-0.7917059201717396]}"
1283,0.8102368712425232,"{""type"":""Point"",""coordinates"":[110.30781397179038,-0.6241473103889422]}"
1296,0.9467213749885559,"{""type"":""Point"",""coordinates"":[114.44537251149717,-2.421732101437909]}"
1299,0.7939674854278564,"{""type"":""Point"",""coordinates"":[112.79966037148544,0.5224224055912473]}"
1300,0.8263735771179199,"{""type"":""Point"",""coordinates"":[114.724372735444,-2.501964593626587]}"
1301,0.85558021068573,"{""type"":""Point"",""coordinates"":[117.79936021467702,1.9182041201214146]}"
1304,0.44315192103385925,"{""type"":""Point"",""coordinates"":[109.78222453336397,0.016713435492380132]}"
1305,0.8649322390556335,"{""type"":""Point"",""coordinates"":[117.12921720122425,3.5655530894568104]}"
1338,0.6754394173622131,"{""type"":""Point"",""coordinates"":[115.86231998598373,-0.8343057160619727]}"
1339,0.8559332489967346,"{""type"":""Point"",""coordinates"":[114.7191860998126,-2.363162729855179]}"
1345,0.8573440909385681,"{""type"":""Point"",""coordinates"":[110.54595299102812,-1.3752577436057594]}"
1358,0.6696625351905823,"{""type"":""Point"",""coordinates"":[111.45814611906711,-2.1416388531977546]}"
1370,0.816740870475769,"{""type"":""Point"",""coordinates"":[114.3719079613518,-1.4040701011367722]}"
1377,0.8313245177268982,"{""type"":""Point"",""coordinates"":[109.7826555947118,1.0837667180007267]}"
1390,0.8596503734588623,"{""type"":""Point"",""coordinates"":[116.70346112677755,3.9093444602456473]}"
1395,0.933198094367981,"{""type"":""Point"",""coordinates"":[115.26480644680043,0.4250326364783767]}"
1397,0.8603101372718811,"{""type"":""Point"",""coordinates"":[110.88993190301629,0.8174482810919137]}"
1403,0.8848976492881775,"{""type"":""Point"",""coordinates"":[111.67019132772515,0.32123068360256046]}"
1406,0.9241415858268738,"{""type"":""Point"",""coordinates"":[116.4216490963925,1.1371868700707788]}"
1411,0.8342285752296448,"{""type"":""Point"",""coordinates"":[114.01520226742399,-2.065798079744007]}"
1412,0.7157366275787354,"{""type"":""Point"",""coordinates"":[110.36210355128739,-0.3888721832321413]}"
1415,0.36986997723579407,"{""type"":""Point"",""coordinates"":[109.64137838550563,1.3559569396202595]}"
1418,0.7215836048126221,"{""type"":""Point"",""coordinates"":[114.96656307723048,-0.7880358234945744]}"
1428,0.8690836429595947,"{""type"":""Point"",""coordinates"":[109.53878334168375,1.982199693774291]}"
1432,0.94330233335495,"{""type"":""Point"",""coordinates"":[118.4922308968285,1.2135424899242293]}"
1433,0.8646366000175476,"{""type"":""Point"",""coordinates"":[111.88266934330606,0.522238687891723]}"
1438,0.8601597547531128,"{""type"":""Point"",""coordinates"":[111.84454866107296,-1.2512961662466404]}"
1443,0.7571336030960083,"{""type"":""Point"",""coordinates"":[111.5622473045661,-1.809020973512297]}"
1448,0.7160198092460632,"{""type"":""Point"",""coordinates"":[110.36206465071189,-1.272317813236722]}"
1453,0.9238318800926208,"{""type"":""Point"",""coordinates"":[114.99943512479906,1.2662358654288255]}"
1456,0.6906121373176575,"{""type"":""Point"",""coordinates"":[114.19716866389288,-1.8637870578691247]}"
1466,0.9466804265975952,"{""type"":""Point"",""coordinates"":[112.79756726659988,0.7362035198001965]}"
1495,0.8921300768852234,"{""type"":""Point"",""coordinates"":[116.09841295277822,3.5522495239309957]}"
1504,0.40505415201187134,"{""type"":""Point"",""coordinates"":[112.91363106341925,-1.9817518315883882]}"
1525,0.8737947344779968,"{""type"":""Point"",""coordinates"":[113.01010461887329,0.6302488535922098]}"
1529,0.5446120500564575,"{""type"":""Point"",""coordinates"":[109.5318896498006,1.4333146226259441]}"
1539,0.8755241632461548,"{""type"":""Point"",""coordinates"":[109.16805003021898,0.6363660822305939]}"
1545,0.8653125166893005,"{""type"":""Point"",""coordinates"":[111.59430929549774,-2.0471033207874454]}"
1561,0.9192798733711243,"{""type"":""Point"",""coordinates"":[109.5167702753199,1.850637246883082]}"
1562,0.7028617262840271,"{""type"":""Point"",""coordinates"":[110.18692857257899,-0.4170065847056184]}"
1569,0.6786362528800964,"{""type"":""Point"",""coordinates"":[112.79769283306732,-2.7344756494136004]}"
1583,0.8372607827186584,"{""type"":""Point"",""coordinates"":[115.01045668937265,-2.0525462115340516]}"
1585,0.7385536432266235,"{""type"":""Point"",""coordinates"":[111.21099440683294,-2.2242126365426325]}"
1589,0.8392072319984436,"{""type"":""Point"",""coordinates"":[109.95854502641481,1.3433059173646906]}"
1598,0.859655499458313,"{""type"":""Point"",""coordinates"":[111.16445508651043,-1.7081336402421499]}"
1601,0.9284225702285767,"{""type"":""Point"",""coordinates"":[113.24492390730902,-1.4462289276865001]}"
1607,0.504734456539154,"{""type"":""Point"",""coordinates"":[111.39694060641764,-2.232242260250768]}"
1611,0.8579146265983582,"{""type"":""Point"",""coordinates"":[114.19197163044807,-2.363694133006165]}"
1616,0.89401775598526,"{""type"":""Point"",""coordinates"":[114.5074223197797,-0.9414233812131713]}"
1629,0.7761595845222473,"{""type"":""Point"",""coordinates"":[109.20459822676885,0.889951827528912]}"
1634,0.8835746645927429,"{""type"":""Point"",""coordinates"":[111.49048615798844,0.8970864683766827]}"
1641,0.8948964476585388,"{""type"":""Point"",""coordinates"":[115.59704112353266,-3.399716430327407]}"
1642,0.8076474666595459,"{""type"":""Point"",""coordinates"":[113.2114455745242,-1.39522985809461]}"
1654,0.8873293995857239,"{""type"":""Point"",""coordinates"":[116.91371159730153,4.190953906838423]}"
1659,0.9992799758911133,"{""type"":""Point"",""coordinates"":[116.20258355959011,2.5222580571874786]}"
1663,0.8804323673248291,"{""type"":""Point"",""coordinates"":[114.86905582722989,-1.1801186395323255]}"
1664,0.8523409962654114,"{""type"":""Point"",""coordinates"":[112.13594239051878,-2.9093873003096244]}"
1675,0.8577150106430054,"{""type"":""Point"",""coordinates"":[114.72981516334234,-0.4392616002254124]}"
1676,0.8568416237831116,"{""type"":""Point"",""coordinates"":[116.35277951912192,2.8708401901354548]}"
1680,0.7259851694107056,"{""type"":""Point"",""coordinates"":[112.88114042188784,-1.4999044191267146]}"
1682,0.7330139875411987,"{""type"":""Point"",""coordinates"":[117.35985213728802,2.132123611050715]}"
1683,0.9255051612854004,"{""type"":""Point"",""coordinates"":[116.32820976461126,-0.8146062759162878]}"
1697,0.9368599653244019,"{""type"":""Point"",""coordinates"":[116.86465364467377,2.9659247002436477]}"
1706,0.9203276038169861,"{""type"":""Point"",""coordinates"":[114.15095871313457,-0.6866249627356309]}"
1708,0.8698530793190002,"{""type"":""Point"",""coordinates"":[117.1318174269963,3.9069844709511568]}"
1709,0.8605631589889526,"{""type"":""Point"",""coordinates"":[114.06720901683597,-1.100589776512511]}"
1721,0.874627947807312,"{""type"":""Point"",""coordinates"":[110.30356402159687,-1.1141351918386286]}"
1727,0.7411963939666748,"{""type"":""Point"",""coordinates"":[110.92332976225035,-2.6874053089014915]}"
1731,0.8589416742324829,"{""type"":""Point"",""coordinates"":[110.30744350341506,-0.7685619531038724]}"
1744,0.855932354927063,"{""type"":""Point"",""coordinates"":[113.8260971719634,-2.3404096495760895]}"
1758,0.8511533141136169,"{""type"":""Point"",""coordinates"":[111.55822549490816,-2.870123930287317]}"
1761,0.86979740858078,"{""type"":""Point"",""coordinates"":[116.92537155747846,3.584849703969721]}"
1772,0.8062992691993713,"{""type"":""Point"",""coordinates"":[111.62141783743259,-1.7063810585426078]}"
1775,0.6800872683525085,"{""type"":""Point"",""coordinates"":[117.05412389903522,4.077998731086143]}"
1782,0.6536914110183716,"{""type"":""Point"",""coordinates"":[112.56540018542987,-2.511256463788124]}"
1786,0.6641749143600464,"{""type"":""Point"",""coordinates"":[109.02029403084656,0.6933094999140723]}"
1804,0.9186699390411377,"{""type"":""Point"",""coordinates"":[117.50605582466711,1.2516918871340157]}"
1807,0.40160349011421204,"{""type"":""Point"",""coordinates"":[117.74441687343631,2.7060289780665845]}"
1809,0.7963659167289734,"{""type"":""Point"",""coordinates"":[114.83185191808268,-2.2434354570662913]}"
1821,0.8587914705276489,"{""type"":""Point"",""coordinates"":[113.04941892478091,-2.8130974812648644]}"
1825,0.6849627494812012,"{""type"":""Point"",""coordinates"":[113.96387184388333,-1.969254900893069]}"
1834,0.8846616148948669,"{""type"":""Point"",""coordinates"":[112.77326268243999,-1.796511090677746]}"
1842,0.8656906485557556,"{""type"":""Point"",""coordinates"":[116.89782751137247,2.2397822159503114]}"
1843,0.8595635890960693,"{""type"":""Point"",""coordinates"":[112.37945362515698,0.5513712255242189]}"
1845,0.8525606989860535,"{""type"":""Point"",""coordinates"":[113.23032760734853,-2.786299337602396]}"
1854,0.8546556830406189,"{""type"":""Point"",""coordinates"":[117.66662950381338,2.6643089026935893]}"
1884,0.88798987865448,"{""type"":""Point"",""coordinates"":[117.75793972664445,1.5693093912666305]}"
1885,0.8394159078598022,"{""type"":""Point"",""coordinates"":[113.59994527112514,-1.896029988087112]}"
1892,0.7231581807136536,"{""type"":""Point"",""coordinates"":[112.04718456659977,0.5949802607945591]}"
1898,0.8623378872871399,"{""type"":""Point"",""coordinates"":[110.24128179665342,-1.8351574621716815]}"
1903,0.8574524521827698,"{""type"":""Point"",""coordinates"":[114.60597793501407,-0.27661810526815306]}"
1908,0.6115564703941345,"{""type"":""Point"",""coordinates"":[109.64024980493684,0.06414689865530307]}"
1910,0.9026129841804504,"{""type"":""Point"",""coordinates"":[113.36839849209996,-2.1390353251127503]}"
1922,0.8853793740272522,"{""type"":""Point"",""coordinates"":[109.96539627190995,0.1441740527215591]}"
1927,0.6760026216506958,"{""type"":""Point"",""coordinates"":[112.24782680476764,-2.1346740167195764]}"
1933,0.840449869632721,"{""type"":""Point"",""coordinates"":[115.69157163113604,-1.7255003955786694]}"
1941,0.8513166308403015,"{""type"":""Point"",""coordinates"":[115.21528121049761,-2.312019723982486]}"
1943,0.925794243812561,"{""type"":""Point"",""coordinates"":[111.87926300574094,-1.4469741791053432]}"
1959,0.8795309066772461,"{""type"":""Point"",""coordinates"":[117.16139054798005,2.4340179508573714]}"
1960,0.9462243318557739,"{""type"":""Point"",""coordinates"":[114.54371985389133,-1.5515178306678419]}"
1961,0.7393701076507568,"{""type"":""Point"",""coordinates"":[109.58875711956796,1.5504278844706103]}"
1966,0.630418062210083,"{""type"":""Point"",""coordinates"":[109.89392581932202,-0.037512268614508223]}"
1974,0.7231023907661438,"{""type"":""Point"",""coordinates"":[112.70331312505552,-1.7212647078397902]}"
1981,0.8764436841011047,"{""type"":""Point"",""coordinates"":[118.5097234379438,0.952352304294435]}"
1982,0.8518538475036621,"{""type"":""Point"",""coordinates"":[114.75092449836556,-2.4459964706011856]}"
1996,0.8487329483032227,"{""type"":""Point"",""coordinates"":[109.86074367859811,0.7381343742047148]}"
2008,0.8943058848381042,"{""type"":""Point"",""coordinates"":[111.1036040917559,-1.1774894972232306]}"
2016,0.7379629611968994,"{""type"":""Point"",""coordinates"":[109.91327061703356,-1.7742045098426467]}"
2022,0.7851383686065674,"{""type"":""Point"",""coordinates"":[110.53443463032875,-2.380450652938611]}"
2029,0.9011350870132446,"{""type"":""Point"",""coordinates"":[112.5452818509102,1.0260009571763224]}"
2036,0.7363954782485962,"{""type"":""Point"",""coordinates"":[114.14937735096146,-1.2051257905713568]}"
2037,0.6651809811592102,"{""type"":""Point"",""coordinates"":[109.34705706551176,-0.3458772096984936]}"
2057,0.7139554023742676,"{""type"":""Point"",""coordinates"":[111.22894078199533,-0.2636089914855607]}"
2065,0.8544872403144836,"{""type"":""Point"",""coordinates"":[112.3839290499009,-3.1469402561347906]}"
2077,0.7142646908760071,"{""type"":""Point"",""coordinates"":[117.2076513508456,4.249411132522588]}"
2089,0.9540871381759644,"{""type"":""Point"",""coordinates"":[114.0749857996262,-0.8964961783540533]}"
2107,0.6240505576133728,"{""type"":""Point"",""coordinates"":[109.7563726247592,1.2835045701415286]}"
2113,0.9306362867355347,"{""type"":""Point"",""coordinates"":[117.11657642756941,4.241705589607356]}"
2117,0.7081334590911865,"{""type"":""Point"",""coordinates"":[109.96872373707444,0.3024447482138999]}"
2122,0.7995005249977112,"{""type"":""Point"",""coordinates"":[112.22431512645666,-2.792676181468814]}"
2128,0.44773659110069275,"{""type"":""Point"",""coordinates"":[114.97928448207259,-2.044085637269647]}"
2129,0.8507063984870911,"{""type"":""Point"",""coordinates"":[114.62634480668005,-2.3710595507552203]}"
2135,0.7385437488555908,"{""type"":""Point"",""coordinates"":[113.51030540861959,-1.4149810661964868]}"
2145,0.8514277338981628,"{""type"":""Point"",""coordinates"":[115.25488964394769,-3.540547200508375]}"
2147,0.8565164804458618,"{""type"":""Point"",""coordinates"":[110.19395613498301,-0.7327068918088449]}"
2151,0.8705759644508362,"{""type"":""Point"",""coordinates"":[112.97081196226127,-1.4820026352851927]}"
2159,0.8496988415718079,"{""type"":""Point"",""coordinates"":[114.07591128267858,-2.4934034108051426]}"
2160,0.8657167553901672,"{""type"":""Point"",""coordinates"":[115.29963984477072,-1.6543086941863576]}"
2163,0.9257907867431641,"{""type"":""Point"",""coordinates"":[114.425873973004,-1.3142672582509944]}"
2164,0.8472276329994202,"{""type"":""Point"",""coordinates"":[114.81474985326939,-2.3249050942217204]}"
2187,0.805576741695404,"{""type"":""Point"",""coordinates"":[117.65641117725538,4.088307842580247]}"
2206,0.8473905920982361,"{""type"":""Point"",""coordinates"":[113.08702836781255,-1.6474216802758581]}"
2207,0.8570218086242676,"{""type"":""Point"",""coordinates"":[113.90558433105666,-0.9814398899520705]}"
2215,0.8621208667755127,"{""type"":""Point"",""coordinates"":[111.36520635870123,-0.8428177635539328]}"
2221,0.8553012013435364,"{""type"":""Point"",""coordinates"":[116.53642080930068,-1.0746574299264458]}"
2247,0.8728712201118469,"{""type"":""Point"",""coordinates"":[113.24758350699437,-1.2818846567645361]}"
2257,0.8644980192184448,"{""type"":""Point"",""coordinates"":[116.44210734327268,-1.118320152522584]}"
2261,0.8596703410148621,"{""type"":""Point"",""coordinates"":[115.97115019167771,-2.6601742781152957]}"
2272,0.851127564907074,"{""type"":""Point"",""coordinates"":[113.59814360587139,-2.493497536638766]}"
2281,0.9245495796203613,"{""type"":""Point"",""coordinates"":[113.47586971652514,1.1527420982286778]}"
2282,0.7772459983825684,"{""type"":""Point"",""coordinates"":[114.43737165061094,-1.7747688784119624]}"
2283,0.8617057800292969,"{""type"":""Point"",""coordinates"":[116.63202437183318,2.9150619895894905]}"
2292,0.7333194017410278,"{""type"":""Point"",""coordinates"":[112.81953435458323,-2.3561054558472114]}"
2295,0.857634961605072,"{""type"":""Point"",""coordinates"":[112.04042515031927,-1.4508069548677671]}"
2296,0.35965144634246826,"{""type"":""Point"",""coordinates"":[111.55753424609111,-2.430872982172234]}"
2299,0.6727753281593323,"{""type"":""Point"",""coordinates"":[117.59432472060399,2.2516222241937354]}"
2304,0.8559281229972839,"{""type"":""Point"",""coordinates"":[109.68490164278352,-1.1181185858741116]}"
2307,0.7969345450401306,"{""type"":""Point"",""coordinates"":[112.99722624256923,-1.6975769819064157]}"
2327,0.8431106209754944,"{""type"":""Point"",""coordinates"":[117.54542798757187,2.3738494322888033]}"
2337,0.8574597835540771,"{""type"":""Point"",""coordinates"":[111.21308860767515,0.9854353566690267]}"
2348,0.9464491009712219,"{""type"":""Point"",""coordinates"":[116.48028487143105,1.2407599414607993]}"
2354,0.7130141258239746,"{""type"":""Point"",""coordinates"":[117.25983245965578,4.303399514697717]}"
2356,0.9137363433837891,"{""type"":""Point"",""coordinates"":[116.29685145206413,-2.5554157983362367]}"
2359,0.9630683064460754,"{""type"":""Point"",""coordinates"":[115.52365768849306,0.40504101945699256]}"
2371,0.8953486084938049,"{""type"":""Point"",""coordinates"":[111.79711015197127,-0.4172984836960186]}"
2381,0.4555523693561554,"{""type"":""Point"",""coordinates"":[112.7480552150046,-1.837013818348445]}"
2395,0.620736837387085,"{""type"":""Point"",""coordinates"":[111.68635930897558,-2.64525801806088]}"
2396,0.9781535267829895,"{""type"":""Point"",""coordinates"":[115.8006883140756,0.4142720216558848]}"
2405,0.8567008972167969,"{""type"":""Point"",""coordinates"":[117.60710350871673,2.275761567446647]}"
2409,0.9763631820678711,"{""type"":""Point"",""coordinates"":[115.63878066745075,0.5740651640596237]}"
2414,0.8306410908699036,"{""type"":""Point"",""coordinates"":[113.625300343739,-1.9533112486338637]}"
2423,0.7729973196983337,"{""type"":""Point"",""coordinates"":[117.8529757841064,1.4153478921150886]}"
2426,0.7684250473976135,"{""type"":""Point"",""coordinates"":[109.2682482364931,-0.2116902043305745]}"
2428,0.857334315776825,"{""type"":""Point"",""coordinates"":[110.1614283980726,-1.711248046211947]}"
2430,0.5421512126922607,"{""type"":""Point"",""coordinates"":[109.19220292535736,1.144703031867419]}"
2438,0.6461137533187866,"{""type"":""Point"",""coordinates"":[109.29767572261167,0.9906438887340515]}"
2441,0.8695796132087708,"{""type"":""Point"",""coordinates"":[117.4853026159408,1.7993991211386835]}"
2444,0.8621307015419006,"{""type"":""Point"",""coordinates"":[113.62637081946055,-3.1158419424289763]}"
2473,0.694994330406189,"{""type"":""Point"",""coordinates"":[109.3919224780707,-0.3370298916686456]}"
2474,0.9112362861633301,"{""type"":""Point"",""coordinates"":[116.08967370184304,-3.14041187669192]}"
2483,0.7099171280860901,"{""type"":""Point"",""coordinates"":[111.14915532363756,-1.8456210135913218]}"
2496,0.849136233329773,"{""type"":""Point"",""coordinates"":[110.76879901096844,-0.7130368544451987]}"
2508,0.8254300951957703,"{""type"":""Point"",""coordinates"":[114.35181424034123,-0.7957559880548589]}"
2512,0.6916797161102295,"{""type"":""Point"",""coordinates"":[113.43710060880493,-1.8358346467014386]}"
2517,0.7144685387611389,"{""type"":""Point"",""coordinates"":[111.09509958266267,0.7339425923930816]}"
2522,0.8671969771385193,"{""type"":""Point"",""coordinates"":[113.31544554527089,-1.5761841424337768]}"
2525,0.6331952810287476,"{""type"":""Point"",""coordinates"":[114.95268325319238,-1.8892245061340176]}"
2545,0.8621091246604919,"{""type"":""Point"",""coordinates"":[117.75079911039357,4.139028186770403]}"
2547,0.910660982131958,"{""type"":""Point"",""coordinates"":[117.3099624057496,3.517065672720363]}"
2563,0.6567169427871704,"{""type"":""Point"",""coordinates"":[109.81073486675773,0.010229423964895356]}"
2576,0.8390668630599976,"{""type"":""Point"",""coordinates"":[109.02695386597568,0.43285357348161835]}"
2577,0.9209612011909485,"{""type"":""Point"",""coordinates"":[111.91085843847084,-3.1159148902213714]}"
2584,0.6975741386413574,"{""type"":""Point"",""coordinates"":[109.76862638083757,-0.11654257506483327]}"
2592,0.8684142231941223,"{""type"":""Point"",""coordinates"":[117.12355916093176,3.2555098325916454]}"
2601,0.8320503830909729,"{""type"":""Point"",""coordinates"":[115.13761617596096,-2.1488864363135973]}"
2606,0.8503368496894836,"{""type"":""Point"",""coordinates"":[110.1027747443643,-1.0504765715263393]}"
2624,0.8419561386108398,"{""type"":""Point"",""coordinates"":[115.42549774722352,0.4459938381518889]}"
2625,0.8894277215003967,"{""type"":""Point"",""coordinates"":[110.1494270269486,-1.7895743238633186]}"
2628,0.8773992657661438,"{""type"":""Point"",""coordinates"":[117.21575328977359,2.2098657248593527]}"
2656,0.6517526507377625,"{""type"":""Point"",""coordinates"":[109.871252490119,-0.6423105678287802]}"
2658,0.8584417700767517,"{""type"":""Point"",""coordinates"":[114.83086300628428,-1.1387903381008446]}"
2666,0.8573991060256958,"{""type"":""Point"",""coordinates"":[111.44622683831487,-1.7886119293053382]}"
2672,0.7501998543739319,"{""type"":""Point"",""coordinates"":[111.21747322827203,-2.1817061402891986]}"
2674,0.9234088659286499,"{""type"":""Point"",""coordinates"":[112.3752715962173,-1.4619312145417505]}"
2677,0.8529545068740845,"{""type"":""Point"",""coordinates"":[117.69253422335993,2.4379606410933756]}"
2683,0.8651063442230225,"{""type"":""Point"",""coordinates"":[112.7579212264551,-1.5933233674899434]}"
2686,0.8871825933456421,"{""type"":""Point"",""coordinates"":[111.14127509954858,-1.5142233628636732]}"
2694,0.8397432565689087,"{""type"":""Point"",""coordinates"":[116.30381703669902,-2.5100917224317905]}"
2696,0.9049898982048035,"{""type"":""Point"",""coordinates"":[110.9948607064141,-1.8044273863722624]}"
2698,0.8602333664894104,"{""type"":""Point"",""coordinates"":[110.37067245720492,-1.0790097409064037]}"
2707,0.7786386609077454,"{""type"":""Point"",""coordinates"":[114.32377669600197,-1.005671110939864]}"
2708,0.857209324836731,"{""type"":""Point"",""coordinates"":[116.84341398501664,2.3549856219823946]}"
2713,0.8558820486068726,"{""type"":""Point"",""coordinates"":[110.8040766338262,-1.4228318430782234]}"
2722,0.5530949831008911,"{""type"":""Point"",""coordinates"":[111.5912447658208,-2.6363199964470714]}"
2731,0.8603571057319641,"{""type"":""Point"",""coordinates"":[112.03206608063904,-1.4705043479753497]}"
2735,0.7193136811256409,"{""type"":""Point"",""coordinates"":[111.86399903915533,0.5169745977658826]}"
2737,0.7154240608215332,"{""type"":""Point"",""coordinates"":[117.23627031601116,4.165489338348083]}"
2743,0.7652328014373779,"{""type"":""Point"",""coordinates"":[113.16951153968128,-1.7610303201251751]}"
2760,0.9044049382209778,"{""type"":""Point"",""coordinates"":[109.92760403737695,1.2610354386161777]}"
2771,0.8645782470703125,"{""type"":""Point"",""coordinates"":[115.54040926459129,-0.06130372485172543]}"
2777,0.9612111449241638,"{""type"":""Point"",""coordinates"":[115.26293449108563,1.8480430379391588]}"
2779,0.7213878035545349,"{""type"":""Point"",""coordinates"":[112.3601010465903,-1.838547549385526]}"
2787,0.9941245317459106,"{""type"":""Point"",""coordinates"":[115.73753146374901,3.833098817682181]}"
2791,0.9396474361419678,"{""type"":""Point"",""coordinates"":[113.00854952818085,0.6208104397514668]}"
2802,0.6886321902275085,"{""type"":""Point"",""coordinates"":[117.79219892113804,1.005262279394224]}"
2807,0.6781972050666809,"{""type"":""Point"",""coordinates"":[112.25071421788272,-2.197586022708538]}"
2808,0.785906970500946,"{""type"":""Point"",""coordinates"":[109.48434686290683,1.58204155864111]}"
2810,0.9901172518730164,"{""type"":""Point"",""coordinates"":[115.53606476169853,2.7586445207621626]}"
2829,0.8706844449043274,"{""type"":""Point"",""coordinates"":[110.89773743687054,-1.4184657526085815]}"
2830,0.8490160703659058,"{""type"":""Point"",""coordinates"":[114.43956395091033,-2.147785185251592]}"
2833,0.8937643766403198,"{""type"":""Point"",""coordinates"":[116.68677675066927,3.9278729089608224]}"
2834,0.8850073218345642,"{""type"":""Point"",""coordinates"":[116.6265361222763,2.527425500932885]}"
2839,0.8732287883758545,"{""type"":""Point"",""coordinates"":[111.17153664394439,-1.6143288928798987]}"
2848,0.8414247632026672,"{""type"":""Point"",""coordinates"":[115.58734419834185,0.0714472652465279]}"
2851,0.695930540561676,"{""type"":""Point"",""coordinates"":[111.34509820361251,-2.1711218417588136]}"
2852,0.8895220160484314,"{""type"":""Point"",""coordinates"":[116.51792091724602,3.2458667950263664]}"
2863,0.8664864301681519,"{""type"":""Point"",""coordinates"":[115.45696764547198,0.6300973044430533]}"
2876,0.7329298853874207,"{""type"":""Point"",""coordinates"":[111.89987309807073,-2.054535095564182]}"
2892,0.9257776737213135,"{""type"":""Point"",""coordinates"":[116.84243593547004,3.4354066891831425]}"
2893,0.8285205960273743,"{""type"":""Point"",""coordinates"":[116.00692780593728,-0.20133139206537426]}"
2898,0.8039262294769287,"{""type"":""Point"",""coordinates"":[112.8118383178236,0.5436903837801188]}"
2899,0.8630940318107605,"{""type"":""Point"",""coordinates"":[115.86443836467478,0.15596192588682306]}"
2903,0.8577136397361755,"{""type"":""Point"",""coordinates"":[116.81270774116852,0.20520809274293264]}"
2915,0.8563705682754517,"{""type"":""Point"",""coordinates"":[113.90436982231068,-2.3502203711671914]}"
2920,0.8523855209350586,"{""type"":""Point"",""coordinates"":[112.17142379851022,-3.1638190956469043]}"
2921,0.9165374040603638,"{""type"":""Point"",""coordinates"":[115.07250715854809,-1.5066950897436406]}"
2931,0.845769464969635,"{""type"":""Point"",""coordinates"":[114.74503556659688,-1.750113404140718]}"
2934,0.853900134563446,"{""type"":""Point"",""coordinates"":[113.94955024948231,-2.7326438709549215]}"
2938,0.8150196075439453,"{""type"":""Point"",""coordinates"":[112.90392560949827,-1.5479115652562563]}"
2944,0.8220933079719543,"{""type"":""Point"",""coordinates"":[110.07283240425281,-1.7744516401315749]}"
2949,0.8673705458641052,"{""type"":""Point"",""coordinates"":[110.83039238045767,-2.129372547916237]}"
2958,0.8645878434181213,"{""type"":""Point"",""coordinates"":[113.84820129190331,-1.3205990453071341]}"
2962,0.7387503981590271,"{""type"":""Point"",""coordinates"":[117.86007047509865,2.442671943953788]}"
2964,0.8526961803436279,"{""type"":""Point"",""coordinates"":[110.50533099121051,-2.5459893597551924]}"
2977,0.8630219101905823,"{""type"":""Point"",""coordinates"":[109.39501173016065,-0.7257029629174157]}"
2999,0.843151867389679,"{""type"":""Point"",""coordinates"":[113.19408787767856,-1.3194681461628344]}"
3019,0.6187852025032043,"{""type"":""Point"",""coordinates"":[113.86935194791009,-1.5569227007487323]}"
3023,0.7258726954460144,"{""type"":""Point"",""coordinates"":[114.04372258928164,-1.1237218503131292]}"
3029,0.6660115122795105,"{""type"":""Point"",""coordinates"":[113.94708115618782,-2.3003572754717156]}"
3033,0.8624738454818726,"{""type"":""Point"",""coordinates"":[117.18454240488839,4.152391959269672]}"
3046,0.8346794843673706,"{""type"":""Point"",""coordinates"":[110.56817618170112,-0.847487609064189]}"
3047,0.8687955141067505,"{""type"":""Point"",""coordinates"":[114.66180606974281,-0.3507167105043557]}"
3052,0.7813441753387451,"{""type"":""Point"",""coordinates"":[111.55458166670188,-0.047867560582549755]}"
3057,0.762214720249176,"{""type"":""Point"",""coordinates"":[110.61037041763156,-1.4124861737917749]}"
3061,0.8428575992584229,"{""type"":""Point"",""coordinates"":[117.50620423016674,2.8832568436703188]}"
3064,0.9792719483375549,"{""type"":""Point"",""coordinates"":[113.35665003857677,-2.86617609568886]}"
3090,0.857907235622406,"{""type"":""Point"",""coordinates"":[113.29187334454329,-2.6255740857785015]}"
3097,0.9254605770111084,"{""type"":""Point"",""coordinates"":[112.63495748601832,-1.2385436708565212]}"
3098,0.9243185520172119,"{""type"":""Point"",""coordinates"":[117.48711935610318,1.2380521814659693]}"
3109,0.8606135845184326,"{""type"":""Point"",""coordinates"":[112.8133801924118,0.5944246404179381]}"
3110,0.8340228199958801,"{""type"":""Point"",""coordinates"":[113.71909164249375,-1.6407048119145768]}"
3111,0.8528060913085938,"{""type"":""Point"",""coordinates"":[113.21247664723636,-2.7632575404172233]}"
3112,0.5900306701660156,"{""type"":""Point"",""coordinates"":[109.37823329963148,1.3349453634636075]}"
3116,0.7620431184768677,"{""type"":""Point"",""coordinates"":[110.22346005184298,-0.9116273248255129]}"
3129,0.8646866679191589,"{""type"":""Point"",""coordinates"":[114.14100761065022,-1.6908654218343897]}"
3144,0.8912150263786316,"{""type"":""Point"",""coordinates"":[109.37348592356425,0.16145860610403448]}"
3146,0.848980188369751,"{""type"":""Point"",""coordinates"":[113.35186634794451,0.8701482539015784]}"
3152,0.7292447686195374,"{""type"":""Point"",""coordinates"":[114.16344349642065,-1.0520792318898442]}"
3154,0.8577448129653931,"{""type"":""Point"",""coordinates"":[109.84865863898993,-0.46756904200528016]}"
3159,0.386833518743515,"{""type"":""Point"",""coordinates"":[111.6135270328321,0.11413278954859385]}"
3204,0.8597931265830994,"{""type"":""Point"",""coordinates"":[110.89249220421686,-0.3983907185451817]}"
3206,0.8750465512275696,"{""type"":""Point"",""coordinates"":[116.5534687715706,3.7845255971473346]}"
3212,0.8429602980613708,"{""type"":""Point"",""coordinates"":[112.18503161668988,-2.554453795236567]}"
3216,0.9243158102035522,"{""type"":""Point"",""coordinates"":[117.42876970831203,3.82013581374097]}"
3225,0.8625214695930481,"{""type"":""Point"",""coordinates"":[115.17431792336679,-0.9396709996934601]}"
3237,0.8589538931846619,"{""type"":""Point"",""coordinates"":[112.98440382508437,-1.3550761972226006]}"
3250,0.8499031662940979,"{""type"":""Point"",""coordinates"":[111.97699156740669,-3.1732879113994814]}"
3271,0.926042377948761,"{""type"":""Point"",""coordinates"":[111.09168114917934,-1.2972454557562796]}"
3280,0.6002056002616882,"{""type"":""Point"",""coordinates"":[109.46207982334826,-0.5246764314761675]}"
3294,0.8416377902030945,"{""type"":""Point"",""coordinates"":[109.41036128861427,1.617397877627866]}"
3298,0.912570595741272,"{""type"":""Point"",""coordinates"":[113.99300673709709,-0.5736033317014323]}"
3302,0.8645067811012268,"{""type"":""Point"",""coordinates"":[112.5915258541295,-1.3816146159241232]}"
3305,0.8992234468460083,"{""type"":""Point"",""coordinates"":[115.70635920435207,0.9903431708434507]}"
3318,0.871618390083313,"{""type"":""Point"",""coordinates"":[110.17083917235138,-0.5148781767433763]}"
3323,0.8732103705406189,"{""type"":""Point"",""coordinates"":[113.73313628590601,-1.661857569722519]}"
3324,0.8266138434410095,"{""type"":""Point"",""coordinates"":[116.04564525429305,-3.3465068069081463]}"
3327,0.6789864301681519,"{""type"":""Point"",""coordinates"":[111.58615629687013,-2.17660879033761]}"
3330,0.6545321941375732,"{""type"":""Point"",""coordinates"":[109.21536621985005,0.26339677639427217]}"
3349,0.7196081280708313,"{""type"":""Point"",""coordinates"":[117.25283433216815,3.277921274289551]}"
3353,0.8410379886627197,"{""type"":""Point"",""coordinates"":[111.4689345780273,-2.1353229283735633]}"
3384,0.8130326271057129,"{""type"":""Point"",""coordinates"":[115.64222456713496,-1.5970233071168594]}"
3394,0.4630073308944702,"{""type"":""Point"",""coordinates"":[112.96497565618186,-1.7438279618371437]}"
3404,0.6103774905204773,"{""type"":""Point"",""coordinates"":[113.95756022774518,-2.1437133679356886]}"
3405,0.8852335214614868,"{""type"":""Point"",""coordinates"":[116.88719328460229,3.6918757407412603]}"
3406,0.7783386707305908,"{""type"":""Point"",""coordinates"":[113.70108298276602,-0.8042576518067708]}"
3411,0.890636146068573,"{""type"":""Point"",""coordinates"":[111.70493681440438,-1.2088050640269181]}"
3417,0.8635876178741455,"{""type"":""Point"",""coordinates"":[112.55446991137565,-1.575406351177586]}"
3426,0.8277654647827148,"{""type"":""Point"",""coordinates"":[110.60469886080568,-2.583330217248495]}"
3432,0.859994113445282,"{""type"":""Point"",""coordinates"":[114.5621076721002,-0.5423113617875809]}"
3438,0.9584370851516724,"{""type"":""Point"",""coordinates"":[116.90812427272164,1.9804583487781047]}"
3464,0.459745317697525,"{""type"":""Point"",""coordinates"":[110.19847378475028,-0.9268720348808203]}"
3482,0.8640012145042419,"{""type"":""Point"",""coordinates"":[114.39839969179546,-0.5307909827365658]}"
3486,0.774067223072052,"{""type"":""Point"",""coordinates"":[109.6255480167794,1.1638551822748786]}"
3494,0.4897550046443939,"{""type"":""Point"",""coordinates"":[113.8649507389363,-3.0527570365224768]}"
3511,0.7901816368103027,"{""type"":""Point"",""coordinates"":[117.41375434844687,-0.5981749393429944]}"
3516,0.8505446910858154,"{""type"":""Point"",""coordinates"":[114.59109418126799,-2.3823768278584945]}"
3529,0.8575491309165955,"{""type"":""Point"",""coordinates"":[109.61412696725367,-0.9297686022200241]}"
3547,0.7891767621040344,"{""type"":""Point"",""coordinates"":[112.87928858483974,-1.5154626249589636]}"
3551,0.8339118957519531,"{""type"":""Point"",""coordinates"":[114.01826952096704,-2.094493658314597]}"
3554,0.8604112267494202,"{""type"":""Point"",""coordinates"":[116.04855718810653,-0.41684749959974676]}"
3556,0.6964654326438904,"{""type"":""Point"",""coordinates"":[116.17086851664095,-1.4779837015660469]}"
3585,0.6346646547317505,"{""type"":""Point"",""coordinates"":[111.81470046858837,-2.957811347905536]}"
3594,0.8598039746284485,"{""type"":""Point"",""coordinates"":[115.64247848803832,-1.6742492790100645]}"
3600,0.8083667159080505,"{""type"":""Point"",""coordinates"":[113.3198579071208,-2.598378153504316]}"
3611,0.941226065158844,"{""type"":""Point"",""coordinates"":[116.77317578232872,0.2778270454603808]}"
3612,0.6954505443572998,"{""type"":""Point"",""coordinates"":[116.02374520523514,-3.0451415764614977]}"
3613,0.9241129755973816,"{""type"":""Point"",""coordinates"":[113.68565059354856,-2.8931643415096966]}"
3616,0.8812930583953857,"{""type"":""Point"",""coordinates"":[112.93560529388112,-1.5177929075245733]}"
3622,0.8548603057861328,"{""type"":""Point"",""coordinates"":[113.2660678478143,0.5917688071527569]}"
3648,0.7167606353759766,"{""type"":""Point"",""coordinates"":[111.84875248116528,0.5204048213007882]}"
3670,0.7251300811767578,"{""type"":""Point"",""coordinates"":[118.01633812370751,2.212688311992423]}"
3685,0.8585052490234375,"{""type"":""Point"",""coordinates"":[111.12769813984428,-1.426165864552241]}"
3687,0.5281631946563721,"{""type"":""Point"",""coordinates"":[111.57923304736958,-2.395530419184645]}"
3688,0.7995894551277161,"{""type"":""Point"",""coordinates"":[114.01370742384772,-0.9002611437728033]}"
3695,0.9111084938049316,"{""type"":""Point"",""coordinates"":[115.92715296414714,-0.654785964689471]}"
3710,0.6789568066596985,"{""type"":""Point"",""coordinates"":[115.91689885690201,-1.9187130740324858]}"
3721,0.8726086616516113,"{""type"":""Point"",""coordinates"":[117.20125864170288,2.39112204382352]}"
3723,0.8601956963539124,"{""type"":""Point"",""coordinates"":[115.37292191339176,-1.4723751624728967]}"
3725,0.8617928624153137,"{""type"":""Point"",""coordinates"":[111.88707296360712,0.6959080689189892]}"
3726,0.8151885867118835,"{""type"":""Point"",""coordinates"":[112.6487098192911,-3.379486768289112]}"
3731,0.8490418195724487,"{""type"":""Point"",""coordinates"":[113.6931781299815,-2.0282894911414067]}"
3732,0.7483354210853577,"{""type"":""Point"",""coordinates"":[109.60985419788011,-0.8537830652632699]}"
3734,0.852619469165802,"{""type"":""Point"",""coordinates"":[110.6578705363519,-1.655278689239268]}"
3739,0.8347006440162659,"{""type"":""Point"",""coordinates"":[115.39041977454883,-3.2195249566052286]}"
3750,0.686173141002655,"{""type"":""Point"",""coordinates"":[111.20947401673531,-0.21815853003075114]}"
3757,0.8452807068824768,"{""type"":""Point"",""coordinates"":[113.77196874260136,-1.6095112513147602]}"
3766,0.357327401638031,"{""type"":""Point"",""coordinates"":[109.16848691191849,0.2672920933867712]}"
3782,0.7014975547790527,"{""type"":""Point"",""coordinates"":[111.14144906137226,-2.1406330770452833]}"
3787,0.9050644040107727,"{""type"":""Point"",""coordinates"":[114.43773394066498,-2.423237406106509]}"
3791,0.8743767142295837,"{""type"":""Point"",""coordinates"":[116.35115014037946,-1.2782578726505378]}"
3834,0.8493748903274536,"{""type"":""Point"",""coordinates"":[114.33037476467462,-2.276899164381126]}"
3836,0.8381748795509338,"{""type"":""Point"",""coordinates"":[113.85306061887817,-1.883529307437815]}"
3844,0.8727517127990723,"{""type"":""Point"",""coordinates"":[109.77454003712076,0.2222302624693835]}"
3854,0.8201656341552734,"{""type"":""Point"",""coordinates"":[114.97810702360903,-2.0315759955001966]}"
3862,0.7861219644546509,"{""type"":""Point"",""coordinates"":[117.15083321368178,2.0577846648506912]}"
3863,0.8811916708946228,"{""type"":""Point"",""coordinates"":[115.51120355905805,-0.22537052860230636]}"
3866,0.9062185287475586,"{""type"":""Point"",""coordinates"":[117.24675822139687,3.0890555060207228]}"
3879,0.8978297114372253,"{""type"":""Point"",""coordinates"":[117.17121871620738,4.278141974321935]}"
3891,0.8177622556686401,"{""type"":""Point"",""coordinates"":[115.44222012354248,-0.6397661450748613]}"
3897,0.9014339447021484,"{""type"":""Point"",""coordinates"":[109.55860021695729,0.1548884820970797]}"
3902,0.8546444177627563,"{""type"":""Point"",""coordinates"":[112.16988910199426,-1.6010676168195028]}"
3904,0.7105689644813538,"{""type"":""Point"",""coordinates"":[109.6203162887971,1.2376725715329482]}"
3905,0.8846518397331238,"{""type"":""Point"",""coordinates"":[116.1200597244408,-1.324422698099102]}"
3909,0.8632332682609558,"{""type"":""Point"",""coordinates"":[113.8982426359517,-2.896674607836918]}"
3912,0.8914851546287537,"{""type"":""Point"",""coordinates"":[111.88924061752988,-2.779811922138153]}"
3916,0.6360292434692383,"{""type"":""Point"",""coordinates"":[111.48017727537271,0.15223439745246897]}"
3925,0.8623897433280945,"{""type"":""Point"",""coordinates"":[114.98663894311505,-1.9050036395487047]}"
3929,0.8611847758293152,"{""type"":""Point"",""coordinates"":[114.26579349512654,0.2454811601077159]}"
3933,0.8522149920463562,"{""type"":""Point"",""coordinates"":[113.4033457001547,-3.0093851868481702]}"
3940,0.869571328163147,"{""type"":""Point"",""coordinates"":[111.6658599773694,-1.3471477715694256]}"
3949,0.7971938252449036,"{""type"":""Point"",""coordinates"":[111.71086698116547,0.6379796364555798]}"
3953,0.9487239122390747,"{""type"":""Point"",""coordinates"":[111.2036248483992,-1.0179699579158816]}"
3960,0.886753261089325,"{""type"":""Point"",""coordinates"":[110.28547414882811,-1.077074185478036]}"
3962,0.7447547316551208,"{""type"":""Point"",""coordinates"":[111.11631148602856,-2.1263705217387074]}"
3965,0.7725937962532043,"{""type"":""Point"",""coordinates"":[110.28867313774343,-0.751068904755016]}"
3966,0.6981089115142822,"{""type"":""Point"",""coordinates"":[110.95453810842945,0.8176054302455399]}"
3969,0.7920278310775757,"{""type"":""Point"",""coordinates"":[116.26930620286122,-1.8388013213335477]}"
3982,0.8518985509872437,"{""type"":""Point"",""coordinates"":[110.4506166776068,-2.791403197970599]}"
3988,0.8942974805831909,"{""type"":""Point"",""coordinates"":[116.73133973421791,4.019246960733468]}"
3994,0.9540802240371704,"{""type"":""Point"",""coordinates"":[113.14763497677848,-2.7049662928205205]}"
3996,0.9378334879875183,"{""type"":""Point"",""coordinates"":[115.81301007058528,0.10742701930575461]}"
4016,0.7709464430809021,"{""type"":""Point"",""coordinates"":[115.63150980800263,-0.6343175553023874]}"
4023,0.757679283618927,"{""type"":""Point"",""coordinates"":[116.6942471230811,2.5308822992988937]}"
4046,0.8152749538421631,"{""type"":""Point"",""coordinates"":[117.63339954857128,2.6437306152312376]}"
4054,0.7973626255989075,"{""type"":""Point"",""coordinates"":[116.66174631695223,2.57182204358535]}"
4074,0.8552986979484558,"{""type"":""Point"",""coordinates"":[114.71297503158058,-2.3589614363416866]}"
4087,0.8726885318756104,"{""type"":""Point"",""coordinates"":[116.04433584103634,-0.7635669054959671]}"
4089,0.6226538419723511,"{""type"":""Point"",""coordinates"":[110.50142896150685,-2.237956537267956]}"
4091,0.8856473565101624,"{""type"":""Point"",""coordinates"":[113.92432778159704,0.2348356135807299]}"
4092,0.86998450756073,"{""type"":""Point"",""coordinates"":[114.272718934699,-1.528373279177402]}"
4103,0.8705481290817261,"{""type"":""Point"",""coordinates"":[115.85388418737406,-0.7955901395469333]}"
4107,0.8728269338607788,"{""type"":""Point"",""coordinates"":[112.71873945451348,-1.1222773095197571]}"
4111,0.8763761520385742,"{""type"":""Point"",""coordinates"":[115.29581085389718,-1.732860208087514]}"
4118,0.8539243340492249,"{""type"":""Point"",""coordinates"":[111.72126792447555,-0.9298394817947496]}"
4119,0.7009881138801575,"{""type"":""Point"",""coordinates"":[111.19890011281575,-2.1984519970972913]}"
4123,0.4241015613079071,"{""type"":""Point"",""coordinates"":[109.90175641254844,0.1454715162830478]}"
4137,0.9270327687263489,"{""type"":""Point"",""coordinates"":[114.15494315170065,-0.4892863086000542]}"
4142,0.810461163520813,"{""type"":""Point"",""coordinates"":[109.44530340872076,1.7841421683222312]}"
4146,0.8546017408370972,"{""type"":""Point"",""coordinates"":[110.20311020215146,0.05486531756424383]}"
4149,0.8563585877418518,"{""type"":""Point"",""coordinates"":[117.28635268298983,3.7935318836245164]}"
4154,0.9160267114639282,"{""type"":""Point"",""coordinates"":[115.57576393528831,-0.8297114132788114]}"
4156,0.6304959058761597,"{""type"":""Point"",""coordinates"":[109.8827167796657,-0.03536168840817374]}"
4174,0.9583364129066467,"{""type"":""Point"",""coordinates"":[112.75954143490924,-1.049183826053519]}"
4202,0.8273912072181702,"{""type"":""Point"",""coordinates"":[117.17452892427568,2.1387631012345754]}"
4204,0.8540859222412109,"{""type"":""Point"",""coordinates"":[114.36324889668349,-2.131240158216724]}"
4205,0.8751401901245117,"{""type"":""Point"",""coordinates"":[114.15723029153038,-1.1896756478258947]}"
4218,0.8021868467330933,"{""type"":""Point"",""coordinates"":[115.84692136853248,-1.7157733374382431]}"
4220,0.7513678669929504,"{""type"":""Point"",""coordinates"":[113.43081244893928,-0.9153628003608069]}"
4221,0.8538294434547424,"{""type"":""Point"",""coordinates"":[114.09950882084125,-2.7643547755820155]}"
4237,0.9055984020233154,"{""type"":""Point"",""coordinates"":[112.82583111893285,0.42497851123893093]}"
4241,0.9059151411056519,"{""type"":""Point"",""coordinates"":[113.6973341895729,-1.5158584388750578]}"
4242,0.8734554648399353,"{""type"":""Point"",""coordinates"":[113.35419013297556,-1.1034511301737786]}"
4246,0.8535993099212646,"{""type"":""Point"",""coordinates"":[116.42737146327958,-1.2084191199269934]}"
4258,0.7160109281539917,"{""type"":""Point"",""coordinates"":[115.73526365480826,-0.777039377163537]}"
4259,0.9156691431999207,"{""type"":""Point"",""coordinates"":[112.20933751785702,0.548104761623993]}"
4260,0.8140748143196106,"{""type"":""Point"",""coordinates"":[113.71621091864735,-2.0157978417775957]}"
4274,0.6107937097549438,"{""type"":""Point"",""coordinates"":[110.37473913593274,-1.9563312859743331]}"
4282,0.8759863972663879,"{""type"":""Point"",""coordinates"":[113.45041520807416,-0.978040078474736]}"
4286,0.9537263512611389,"{""type"":""Point"",""coordinates"":[111.27158015485809,-1.529431103463852]}"
4287,0.616895854473114,"{""type"":""Point"",""coordinates"":[113.62026395413623,-1.5538217942291273]}"
4292,0.8593907356262207,"{""type"":""Point"",""coordinates"":[114.9241663023641,-1.5336042614680738]}"
4298,0.8634489178657532,"{""type"":""Point"",""coordinates"":[111.08136245198934,0.3204722508057803]}"
4300,0.8153327107429504,"{""type"":""Point"",""coordinates"":[109.34524965810725,1.7305774349731415]}"
4301,0.944249153137207,"{""type"":""Point"",""coordinates"":[112.07194651435952,1.1084178137159153]}"
4337,0.7043425440788269,"{""type"":""Point"",""coordinates"":[117.35710941321904,4.226277807493962]}"
4345,0.920761227607727,"{""type"":""Point"",""coordinates"":[112.38063657849996,-1.5535564645346178]}"
4348,0.9149163961410522,"{""type"":""Point"",""coordinates"":[115.21522535314837,-0.9332679566925162]}"
4349,0.911976158618927,"{""type"":""Point"",""coordinates"":[115.13752592729251,-0.8898691312385013]}"
4352,0.8806401491165161,"{""type"":""Point"",""coordinates"":[112.5598090651541,-1.0031768094986648]}"
4361,0.8661718368530273,"{""type"":""Point"",""coordinates"":[112.65029367111663,0.4855577363142344]}"
4371,0.8683885335922241,"{""type"":""Point"",""coordinates"":[110.87648175343286,-0.6182965181730334]}"
4394,0.7547244429588318,"{""type"":""Point"",""coordinates"":[112.76241247686825,-1.8212764082253505]}"
4395,0.7636016607284546,"{""type"":""Point"",""coordinates"":[110.86829797177919,-2.8644057115701975]}"
4396,0.8601219058036804,"{""type"":""Point"",""coordinates"":[115.85634007604548,0.7091107282386897]}"
4401,0.8490975499153137,"{""type"":""Point"",""coordinates"":[111.28953123999165,-2.165178375804269]}"
4411,0.8651253581047058,"{""type"":""Point"",""coordinates"":[116.20877447393113,-0.9624697775978519]}"
4419,0.857542872428894,"{""type"":""Point"",""coordinates"":[113.71678247800384,-2.853763545873975]}"
4420,0.8798238635063171,"{""type"":""Point"",""coordinates"":[115.21008511153921,-0.9073758067389591]}"
4431,0.8447767496109009,"{""type"":""Point"",""coordinates"":[112.83290783390439,-2.803694132229809]}"
4435,0.7737964391708374,"{""type"":""Point"",""coordinates"":[113.39341905286382,-1.8503285030140673]}"
4446,0.7264994382858276,"{""type"":""Point"",""coordinates"":[112.73005467607736,-1.5329127497713424]}"
4450,0.9194929003715515,"{""type"":""Point"",""coordinates"":[115.46823134087343,-0.24117618321412962]}"
4458,0.8519547581672668,"{""type"":""Point"",""coordinates"":[110.88287373558428,0.959134842650924]}"
4459,0.7978891730308533,"{""type"":""Point"",""coordinates"":[111.34051177641149,-0.05953970885783493]}"
4472,0.7186066508293152,"{""type"":""Point"",""coordinates"":[115.6077544072592,-3.201040499562154]}"
4480,0.8571333885192871,"{""type"":""Point"",""coordinates"":[110.28247119147885,-2.6216283749938065]}"
4481,0.7863970994949341,"{""type"":""Point"",""coordinates"":[109.47468617167344,0.24554765459193006]}"
4500,0.8256866931915283,"{""type"":""Point"",""coordinates"":[111.12064710937777,-2.102533866721969]}"
4504,0.7757275700569153,"{""type"":""Point"",""coordinates"":[110.36372759452284,-0.9969143837085979]}"
4511,0.7662101984024048,"{""type"":""Point"",""coordinates"":[115.52391540539291,-0.47627843955761756]}"
4512,0.8444855809211731,"{""type"":""Point"",""coordinates"":[115.2493342089871,0.41599200781386136]}"
4518,0.9012006521224976,"{""type"":""Point"",""coordinates"":[118.25707087371251,1.3660245317743058]}"
4519,0.8498753905296326,"{""type"":""Point"",""coordinates"":[109.90384840307182,-0.015499749314434746]}"
4524,0.45868414640426636,"{""type"":""Point"",""coordinates"":[113.00257426318838,-1.7426376972936017]}"
4528,0.8515830039978027,"{""type"":""Point"",""coordinates"":[117.79949330633698,1.9469004578476206]}"
4529,0.3673664331436157,"{""type"":""Point"",""coordinates"":[109.28585964685902,-0.4713989407737212]}"
4534,0.8273152709007263,"{""type"":""Point"",""coordinates"":[110.5441891733008,-2.8159134495169598]}"
4550,0.8585450053215027,"{""type"":""Point"",""coordinates"":[109.98410532048268,-0.10916984186482373]}"
4555,0.8202912211418152,"{""type"":""Point"",""coordinates"":[113.33545360707984,-2.3807037693104762]}"
4569,0.8419086337089539,"{""type"":""Point"",""coordinates"":[117.49108590092462,2.608192729491951]}"
4574,0.8861574530601501,"{""type"":""Point"",""coordinates"":[110.2420155962976,-1.6889883292119745]}"
4575,0.8150867819786072,"{""type"":""Point"",""coordinates"":[117.64140344701919,2.6431230843136926]}"
4583,0.8609631061553955,"{""type"":""Point"",""coordinates"":[112.4451848712267,-1.6849159294073661]}"
4595,0.7036948204040527,"{""type"":""Point"",""coordinates"":[109.83076339512887,1.280064543744953]}"
4599,0.8535677790641785,"{""type"":""Point"",""coordinates"":[114.35249126799602,-2.1823332444483223]}"
4602,0.9003287553787231,"{""type"":""Point"",""coordinates"":[112.54044854362887,-1.400479320784368]}"
4606,0.8474939465522766,"{""type"":""Point"",""coordinates"":[111.47628640070768,0.7220366551847917]}"
4609,0.8322347402572632,"{""type"":""Point"",""coordinates"":[116.98253845515902,3.946070326752934]}"
4620,0.840179443359375,"{""type"":""Point"",""coordinates"":[113.86988939355979,-1.8819094159575736]}"
4628,0.6819478273391724,"{""type"":""Point"",""coordinates"":[111.5908734967968,-2.1576735995784198]}"
4634,0.6737174987792969,"{""type"":""Point"",""coordinates"":[112.36575841272037,-2.209703519346402]}"
4636,0.8637071251869202,"{""type"":""Point"",""coordinates"":[112.48819608624264,-1.5203914027890866]}"
4653,0.8553817272186279,"{""type"":""Point"",""coordinates"":[116.1834843387586,3.0891302553303484]}"
4666,0.8357762098312378,"{""type"":""Point"",""coordinates"":[115.85191030200633,-0.7977433376609944]}"
4685,0.8402397632598877,"{""type"":""Point"",""coordinates"":[111.59578714397436,-2.5873305249686926]}"
4688,0.8781432509422302,"{""type"":""Point"",""coordinates"":[116.42862506696586,3.080201872774288]}"
4698,0.8764795660972595,"{""type"":""Point"",""coordinates"":[116.7069378861754,2.8534997286764336]}"
4705,0.8929819464683533,"{""type"":""Point"",""coordinates"":[114.69418708198069,-0.18393513572436426]}"
4708,0.3660631477832794,"{""type"":""Point"",""coordinates"":[110.16423564457776,-1.4254582863749234]}"
4720,0.8019018173217773,"{""type"":""Point"",""coordinates"":[115.82727681757515,-0.3172986694798603]}"
4724,0.9606032967567444,"{""type"":""Point"",""coordinates"":[110.96433116802223,-0.8794797184039359]}"
4729,0.3974279761314392,"{""type"":""Point"",""coordinates"":[109.69078874096165,1.4776898019133657]}"
4738,0.8311978578567505,"{""type"":""Point"",""coordinates"":[117.52018748607915,2.558497709114308]}"
4756,0.6673485636711121,"{""type"":""Point"",""coordinates"":[112.00566473263112,-2.0683723029530134]}"
4764,0.8658305406570435,"{""type"":""Point"",""coordinates"":[116.3463825309863,-2.193425493783165]}"
4766,0.8352397084236145,"{""type"":""Point"",""coordinates"":[109.85549028682405,0.0072153967547553925]}"
4771,0.6863065361976624,"{""type"":""Point"",""coordinates"":[111.32761787240516,-2.1957184033454547]}"
4777,0.8820875883102417,"{""type"":""Point"",""coordinates"":[112.00783576129521,-2.195859015002877]}"
4781,0.9097405672073364,"{""type"":""Point"",""coordinates"":[117.301501293899,2.364188905086889]}"
4786,0.9261349439620972,"{""type"":""Point"",""coordinates"":[117.37141335304024,-0.7042802059829454]}"
4789,0.8379732966423035,"{""type"":""Point"",""coordinates"":[111.57532957628668,-2.657298206839491]}"
4797,0.9007857441902161,"{""type"":""Point"",""coordinates"":[112.09462928262296,-1.4711748294362097]}"
4805,0.7957592010498047,"{""type"":""Point"",""coordinates"":[110.09213997306202,-1.7560561546461513]}"
4812,0.839923083782196,"{""type"":""Point"",""coordinates"":[115.68009010040795,-1.8354015507462444]}"
4818,0.856876015663147,"{""type"":""Point"",""coordinates"":[112.37251335974324,-0.08535571357635163]}"
4824,0.6793704628944397,"{""type"":""Point"",""coordinates"":[117.5352208903487,2.6547159538326337]}"
4827,0.9269450306892395,"{""type"":""Point"",""coordinates"":[112.03673718120221,1.1339476416071994]}"
4849,0.4436388909816742,"{""type"":""Point"",""coordinates"":[110.21917514368842,-0.8543391277122578]}"
4851,0.940101146697998,"{""type"":""Point"",""coordinates"":[117.72857771945046,1.5236877747965951]}"
4856,0.8505552411079407,"{""type"":""Point"",""coordinates"":[117.07746740768556,3.330312287564509]}"
4857,0.7311795949935913,"{""type"":""Point"",""coordinates"":[110.21178534699266,0.9557129734511198]}"
4860,0.6809965372085571,"{""type"":""Point"",""coordinates"":[109.1119153114579,0.5858164874761957]}"
4861,0.9068198800086975,"{""type"":""Point"",""coordinates"":[115.29820484666776,-0.7757083853498792]}"
4864,0.8393130302429199,"{""type"":""Point"",""coordinates"":[115.3070926342281,-1.5620859495686144]}"
4872,0.8698066473007202,"{""type"":""Point"",""coordinates"":[111.04543060815546,-1.8766270640565799]}"
4875,0.6800069808959961,"{""type"":""Point"",""coordinates"":[111.38432179487852,-2.4656912179857238]}"
4894,0.8545229434967041,"{""type"":""Point"",""coordinates"":[109.79094957645489,0.12140047299007624]}"
4903,0.8718938827514648,"{""type"":""Point"",""coordinates"":[115.76699768834631,-0.9225330142062508]}"
4904,0.8522383570671082,"{""type"":""Point"",""coordinates"":[118.17542221659195,1.5171614573829832]}"
4906,0.5216308832168579,"{""type"":""Point"",""coordinates"":[113.72502215716855,-3.1990434932122667]}"
4915,0.5794524550437927,"{""type"":""Point"",""coordinates"":[109.67928370338828,-0.36122125940326855]}"
4945,0.43214476108551025,"{""type"":""Point"",""coordinates"":[109.84193223758027,-0.7685919060476339]}"
4947,0.5081542730331421,"{""type"":""Point"",""coordinates"":[111.51955203664726,-2.3779548692015315]}"
4967,0.9053351283073425,"{""type"":""Point"",""coordinates"":[114.59667886187158,-0.4892118126195633]}"
4971,0.7061055898666382,"{""type"":""Point"",""coordinates"":[117.98203714209825,1.5957574010360793]}"
4975,0.5719588994979858,"{""type"":""Point"",""coordinates"":[109.48628818066494,-0.3095424499065168]}"
4978,0.7185150980949402,"{""type"":""Point"",""coordinates"":[111.1396114200537,-2.3712407709386363]}"
4980,0.39883989095687866,"{""type"":""Point"",""coordinates"":[109.64024737427283,1.533966644494668]}"
4988,0.6849497556686401,"{""type"":""Point"",""coordinates"":[109.4822988557911,1.6211811235271574]}"
4998,0.8680905103683472,"{""type"":""Point"",""coordinates"":[111.66215258581802,-1.9083681857291033]}"
4999,0.9067709445953369,"{""type"":""Point"",""coordinates"":[111.96513748208723,0.16390985443386302]}"
